answer,sentiment
I really do like doing that positive
"usually yeah, but depends on a day" neutral
tbh no negative
they are too hot for me lately negative
"yeah, especially in a sea" positive
Most eager positive
Sure positive
Maybe neutral
I dont really like it negative
Yes positive
"Not a lot, i find some of it confusing." neutral
Yes positive
Yes positive
They are nice if you have air conditioning in your home. neutral
Yes positive
Very eager positive
"Mam wtedy takie ""japierdole""" negative
Oh hell nah negative
Sweaty negative
Good recommend positive
NO XFDDD negative
very positive
excitement positive
yes positive
don't mind them neutral
they're cool positive
sometimes neutral
very much like it positive
Usually pretty eager positive
Excitement but sometimes stress neutral
Not really negative
Too hot negative
I do love swimming from time to time positive
It depends neutral
Sound fun but only if water is clean and warm neutral
Very eager positive
"Happiness, Excitement, Shyness" positive
I think I can neutral
"Amazing, I love hot summer days" positive
They are okay but I’m not into them neutral
"Yes, I like doing what other people like" positive
Im not a huge fan negative
5/10 neutral
I'm neutral - it depends what type of person they are neutral
Yes (I eat them a few times a year already anyway) positive
I hate summer negative
"Haven't done any beside normal swimming, which I like" positive
Depends how contradicting it is with my pov neutral
It's fine neutral
Somewhat. neutral
Fear and hunger. negative
That's basically how I already live. neutral
Too hot is bad. negative
Positive. positive
"No, rarely." negative
I love it. positive
not rly eager negative
"excitement, sometimes disguist" neutral
"obviously, I do not rly like their taste (i'm a salad girlie throw and throw)" negative
r;ly rly hate them. Hate the sweat!! (I'm an ice swimming girlie) negative
Love them but they are super duper expensive to do regulary so i choose other sports neutral
"Sometimes, depends if i agree with them" neutral
Love swimming as long as there r no sharks and the water is below 18deg (otherwise I feel like i'm swimming in piss) positive
A bit neutral
Stress negative
No negative
Hate it negative
Not a fan negative
Not really negative
I like it positive
I am very eager positive
"Excitment, i like to be a clown and a leader of new groups, when noone know each other. But when im the only new one in the envoirnment it can be overwhelming" neutral
"Yes, my diet is very clean now" positive
"I like them, but running can be harsh these days" neutral
I dont mind them. I did swimming for couple months and its okay neutral
I often lead the way with stupid ideas but sometimes I go along neutral
"I prefer it in pools, im scared of doing it in natural bodies of water" neutral
If the technology provides useful for me operations - then I would like to learn it as fast as possible. In general I have medium eager to learn some new technologies. positive
"For me, it's always something between uncertainty, a desire to study them, try to find common themes and ideas, and develop areas of communication" neutral
"It's easy, even if they are delicious, but that's only part of what we can taste" neutral
"Quite pleasant, but if the sun is baking for a long time, then not so much" neutral
"I think it's a good sport, but I don't do it" neutral
"Depends on the situation. Sometimes it annoys me, but mostly I don't care" neutral
"I think it feels quite pleasant and helps the body, but I haven't had any experience with it" neutral
Very eager positive
"Happiness, excitement, fear" neutral
Kind of yes neutral
I LOVE THEM positive
not a fan negative
pretty often neutral
"I love swimming, I love pools, I love ocean" positive
it’s alright neutral
i guess i’m fine? neutral
i guess if i was born without them existing then i wouldn’t ever i them??? what is this stupid question????? negative
ok neutral
meh neutral
idk?…. depends on what i wanna do neutral
ok i guess? neutral
average neutral
excitement and anxiety neutral
no i love mcdonalds positive
"i love them, best days" positive
i like them but i prefer winter sports neutral
i try to neutral
i love swimming! positive
Not so much negative
Anxiety negative
Yes positive
Tired negative
I don’t have an opinion neutral
Yes positive
Worried negative
not eager negative
"curiosity, anxiety" neutral
no negative
love them positive
I think they are cool positive
I think so neutral
I like it positive
Obscenely positive
Mortal dread negative
"Vividly, I need only recall any single day of my existence." negative
"Deep, visceral hatred" negative
ok neutral
Reasonably neutral
Is nice positive
I love learning about new technologies! positive
"Excited and curious probably, although I'm not really outgoing." positive
"I can, quite easily really, as I don't really consume them regardless, aside from occasional hot dog here and there." neutral
"It depends on what you mean by ""hot"". To a certain temperature it's fine, but like 27+ °C are not that enjoyable for me." neutral
I'm indifferent to them. neutral
Not really. negative
"Well, the answer depends on wheter yoy mean pools or natural bodies of water. I have no issue with swimming in a pool, but I don't think I would want to swim in a lake." neutral
very positive
it depends neutral
yes positive
great positive
fine neutral
no negative
pools neutral
"quite eager, but i fear i won't understand it" neutral
"happiness and curiosity, but i stress a lot" neutral
yes positive
"all right, sometimes tired from the heat" neutral
"pleasant time, relaxing, not so much weight on your body while working out" positive
"yes, i usually want the other person/people to have a pleasant time, also i don't really care, my priority is spending time with the person/people" positive
"good but exhausting after a short time, so challenging in a good way" positive
"I'm trying to be up to date to do my work efficiently, but it's comfortable to use already known tools" neutral
"Initially I'm either ok with meeting them or too tired at that moment. After a bit of conversation I'm starting to feel how well we get along, so it might be interesting, refreshing, pleasant or awkward, tiring, tense. I don't think any of theese is more usual than others" neutral
"Quite easily, I don't eat them very often" neutral
"Sunny, pleasant, inspiring (vivid colors, no rain or cold deterring from going outside)" positive
I don't like swimming but I'd probably love diving and boat-related sports are interesting neutral
"It's quite a broad question. I like group spontaneity. In other contexts, I am often non-conformist or can be stubborn with my decisions" neutral
Too boring to justify the effort negative
Eager positive
"Excitment, positive stress" positive
No negative
If they are rare then i don't mind neutral
Never participated but i think they would be enjoyable positive
"Sometimes, but i can be quite stubborn" neutral
I really enjoy it positive
Yes very much positive
"Fear and stress, I would die" negative
"No no, fast food good" positive
Mmm sun is frying negative
Very much good positive
Me very much alone wolf neutral
I like positive
I dont like but I have to. negative
Nothing neutral
No! negative
I hate hight temperatures. The spring is the best seson. negative
Too expensive negative
Never! negative
Free positive